{"0.1": 0.2942903714083792, 
"0.2": 0.5772170092382927, 
"0.3": 0.8489438190870594, 
"0.4": 1.1097353857967518, 
"0.5": 0.7639320225002103, 
"0.6": 0.36761924206187885, 
"0.7": -0.04131112314674035, 
"0.8": -0.4612496949731399, 
"0.9": -0.8907248094147419, 
"1.0": -1.3284271247461903}