{"0.0": -1.998, 
"0.2": -2.1591560147864604, 
"0.4": -2.4692105966869144, 
"0.6": -2.8613914026839646, 
"0.8": -3.2953901655692475, 
"1.0": -3.701258117250232, 
"1.2": -4.257812183686221, 
"1.4": -4.7450127814145855, 
"1.6": -5.155749303333913, 
"1.8": -5.680899906269527, 
"2.0": -6.228060095792116}