{"0.1": 0.31060000000000004,
"0.2": 0.5452999999999999,
"0.3": 0.9289000000000001,
"0.4": 1.1867000000000003,
"0.5": 0.7914999999999999, 
"0.6": 0.28720000000000034,
"0.7": -0.010099999999999554,
"0.8": -0.4704000000000006,
"0.9": -0.8228999999999997,
"1.0": -1.3639999999999999}