{"0.0": -1.0, 
"0.2": -1.019803902718557, 
"0.4": -1.077032961426901, 
"0.6": -1.16619037896906, 
"0.8": -1.2806248474865698, 
"1.0": -1.4142135623730951, 
"1.2": -1.562049935181331, 
"1.4": -1.7204650534085253, 
"1.6": -1.8867962264113207, 
"1.8": -2.0591260281974004, 
"2.0": -2.23606797749979}