{"0.0": -2.0,
 "0.2": -2.116601048851672, 
 "0.4": -2.4331050121192876, 
 "0.6": -2.884441020371191, 
 "0.8": -3.417601498127013, 
 "1.0": -4.0, 
 "1.2": -4.613025037868319, 
 "1.4": -5.2459508194416, 
 "1.6": -5.892367945062494, 
 "1.8": -6.54828221749796, 
 "2.0": -7.211102550927979}